<?xml version="1.0" encoding="UTF-8"?>
<jcr:root xmlns:cq="http://www.day.com/jcr/cq/1.0" xmlns:jcr="http://www.jcp.org/jcr/1.0" xmlns:nt="http://www.jcp.org/jcr/nt/1.0"
    jcr:primaryType="cq:Dialog"
    title="Edit Alert"
    xtype="dialog">
    <items jcr:primaryType="cq:TabPanel">
        <items jcr:primaryType="cq:WidgetCollection">
            <tab1
                jcr:primaryType="cq:Panel"
                title="Rows">
                <items jcr:primaryType="cq:WidgetCollection">
                    <rows
                        jcr:primaryType="cq:Widget"
                        fieldLabel="Select the excluded benefit categories:"
                        name="./categories"
                        options="$PATH.categories.json"
                        optionsRoot="categories"
                        optionsTextField="label"
                        optionsValueField="id"
                        type="checkbox"
                        xtype="selection"/>
                </items>
            </tab1>
            <tab2
                jcr:primaryType="cq:Widget"
                title="Styles"
                xtype="panel">
                <items jcr:primaryType="cq:WidgetCollection">
                    <cssclass
                        jcr:primaryType="cq:Widget"
                        fieldLabel="CSS Class"
                        name="./cssclass"
                        xtype="textfield"/>
                </items>
            </tab2>
            <tab3
                jcr:primaryType="cq:Widget"
                title="Column"
                xtype="panel">
                <items jcr:primaryType="cq:WidgetCollection">
                    <columnHeading
                        jcr:primaryType="nt:unstructured"
                        fieldLabel="Benefits Heading"
                        name="./columnLinks"
                        width="{Long}100"
                        xtype="textfield"/>
                    <rowMultifield
                        jcr:primaryType="cq:Widget"
                        fieldDescription="Please click on the + to add more fields"
                        name="./imageLinks"
                        xtype="multicompositefield">
                        <fieldConfigs jcr:primaryType="cq:WidgetCollection">
                            <imagePath
                                jcr:primaryType="cq:Widget"
                                fieldLabel="Image Path"
                                name="./imagePath"
                                width="{Long}350"
                                xtype="pathfield"/>
                            <imageTitle
                                jcr:primaryType="cq:Widget"
                                fieldLabel="Image Title"
                                name="./imageTitle"
                                width="{Long}350"
                                xtype="textfield"/>
                            <imageShortTitle
                                jcr:primaryType="cq:Widget"
                                fieldLabel="Image Short Title"
                                name="./imageShortTitle"
                                width="{Long}350"
                                xtype="textfield"/>
                            <buttonTitle
                                jcr:primaryType="cq:Widget"
                                fieldLabel="Button Title"
                                name="./buttonTitle"
                                width="{Long}350"
                                xtype="textfield"/>
                            <button_x0020_Path
                                jcr:primaryType="cq:Widget"
                                fieldLabel="Button Path"
                                name="./buttonPath"
                                width="{Long}350"
                                xtype="pathfield"/>
                        </fieldConfigs>
                    </rowMultifield>
                </items>
            </tab3>
        </items>
    </items>
</jcr:root>
